title	url	bucket	genre	difficulty
Zdeňkův Český Podcast	https://www.youtube.com/@ZdenkuvCeskyPodcast/videos	reaction	Podcast, Comprehensible Input	Beginner
Katka My Irish Life	https://www.youtube.com/@KatkaMyIrishLife/videos	vlog	Vlog, Cooking, Daily Life	Beginner
Česká televize	https://www.youtube.com/@CeskaTelevizeTV/videos	culture	Television, Random Videos	Beginner
PedrosGame	https://www.youtube.com/@PedrosGame/videos	gaming	Video Games, Gameplay	Beginner
JdemeŽrát	https://www.youtube.com/@JdemeZrat/videos	food	Food	Beginner
slowczech	https://www.youtube.com/@slowczech/videos	learner	Comprehensible Input	Super Beginner
Metrobus – hromadná doprava	https://www.youtube.com/@metrobuscz/videos	lifestyle	Public Transport, News	Intermediate
Geek Boy	https://www.youtube.com/@geekboy/videos	tech	Computers, Technology	Intermediate
Spokojený pes	https://www.youtube.com/channel/UC4ha5qONsQlzxVmoRNyXnCw/videos	other	Animals	Intermediate
naše ostrava	https://www.youtube.com/@naseostrava/videos	travel	Travel, Czech Republic	Beginner
Czech with Michal	https://www.youtube.com/@CestinasMichalem/videos	reaction	Podcast, Comprehensible Input	Beginner
David Dobrík	https://www.youtube.com/@DavidDrobik/videos	vlog	Vlog, Life in the US	Intermediate
Životy slavných	https://www.youtube.com/@ZivotySlavnych/videos	news	Documentaries	Intermediate
MAD BBQ	https://www.youtube.com/@madbbq/videos	food	Food, Reactions	Intermediate
Czech with a Praguer	https://www.youtube.com/@CzechwithaPraguer/videos	learner	Comprehensible Input, Teaching, Language	Super Beginner
Tom Brzobohatý	https://www.youtube.com/@brzobohatytom/videos	lifestyle	Real Estate	Intermediate
Vojta Dalekorej	https://www.youtube.com/@wrtech/videos	tech	Tech, Technology, Gadgets, Reviews	Intermediate
Theresa Blueberry CZ	https://www.youtube.com/@theresablueberrycz/videos	other	Streamer	Intermediate
Martin & Tyna	https://www.youtube.com/@martinandtyna/videos	travel	Travel, Vlog	Beginner
Agraelovo Stream Šílenství	https://www.youtube.com/@AgraelovoStreamSilenstvi/videos	reaction	Livestream, Video Games, Gameplay	Intermediate
Peca	https://www.youtube.com/@Pecawashere/videos	vlog	Vlog, Travel	Intermediate
Tom Show	https://www.youtube.com/@TheKoranTV/videos	gaming	Video Games, Shortfilms	Intermediate
Pozor Vlak	https://www.youtube.com/@POZORVLAK/videos	news	News, Public Transit, Trains	Intermediate
Kuchyně Lidlu	https://www.youtube.com/@CZkuchynelidlu/videos	food	Food, Cooking	Intermediate
Czech by Zuzka	https://www.youtube.com/@CzechbyZuzka/videos	learner	Comprehensible Input, Teaching, Czech Language	Super Beginner
Patrik Fiala	https://www.youtube.com/@patrikfiala/videos	lifestyle	Real Estate	Intermediate
Petr Mára	https://www.youtube.com/@petrmara/videos	tech	Tech, Technology, Gadgets, Reviews	Intermediate
Neurazitelny.cz	https://www.youtube.com/@Neurazitelny/videos	other	Education, Lectures	Advanced
Vandrák Travel	https://www.youtube.com/@VandrakTravel/videos	travel	Travel, Vlog, Outdoors	Beginner
Lukefry	https://www.youtube.com/@lukefrycz/videos	reaction	Comentary, Infotainment	Intermediate
Mishka Travels	https://www.youtube.com/@MishkaTravels/videos	vlog	Vlog, Travel	Intermediate
Čtu pro Tebe	https://www.youtube.com/@ctuprotebe/videos	culture	Audiobooks (like, it's a guy who reads books)	Intermediate
Jakub Destro	https://www.youtube.com/@JakubDestro/videos	gaming	Video Games, Gameplay	Intermediate
segment	https://www.youtube.com/@tohlejesegment/videos	news	Infotainment	Intermediate
AtiShow	https://www.youtube.com/@AtiShow/videos	food	Food, Reactions, Cooking	Intermediate
Katazee	https://www.youtube.com/@katazee/videos	lifestyle	Makeup, ASMR	Intermediate
Michal Šrajer	https://www.youtube.com/@michal.srajer/videos	tech	Technology, Tech	Intermediate
Kluci z Prahy	https://www.youtube.com/@KlucizPrahy/videos	travel	Travel, Food, Czech Republic	Intermediate
HouseBox	https://www.youtube.com/@HouseBoxCZ/videos	reaction	Reactions, Gameplay, Pop Culture, YouTube	Intermediate
Lenka in Sweden	https://www.youtube.com/@lenickabre/videos	vlog	Vlog, Fashion, Comentary	Intermediate
seznam starších českých filmů	https://www.youtube.com/playlist?list=PLLcZN1IVmyUOWW7sUSsa7ki-9ME7gPeKt	culture	Movies	Intermediate
Honza Hrouda	https://www.youtube.com/@ment3/videos	gaming	Video Games, Gameplay	Intermediate
Adam Dušek	https://www.youtube.com/@AdamDusek/videos	news	Infotainment, Self Improvement, Economics	Intermediate
TEN SMLSAL	https://www.youtube.com/@TENSMLSAL/videos	food	Food, Cooking, Trains, Infotainment, Tech	Intermediate
Talk. Learn. Enjoy. Czech with Tereza	https://www.youtube.com/@talk.learn.enjoy.czech.tereza/videos	learner	Teaching	Super Beginner
Horis	https://www.youtube.com/@Horis/videos	lifestyle	Sports, Football, Soccer	Intermediate
Toply	https://www.youtube.com/@toplycz/videos	tech	Technology, Reviews	Intermediate
cocik	https://www.youtube.com/@cocik/videos	travel	Travel, Vlog	Intermediate
Maxim Habanec	https://www.youtube.com/@maximhabanec/videos	vlog	Vlog, Travel, Skateboarding	Intermediate
Diradosveta	https://www.youtube.com/@diradosveta/videos	culture	Random Experiments, Entertainment	Intermediate
Tomáš Koláč	https://www.youtube.com/@tomaskolacgaming/videos	gaming	Video Games, Gameplay	Intermediate
Fascinující Fakta	https://www.youtube.com/@FascinujiciFakta/videos	news	Infotainment	Intermediate
Starej Fotr	https://www.youtube.com/@StarejFotr/videos	food	Food, Restaurants	Intermediate
Because Czech Is Cool!	https://www.youtube.com/@BecauseCzechIsCool/videos	learner	Czech Teaching, Language Learning	Beginner
Martina Coach	https://www.youtube.com/@martinacoach/videos	lifestyle	Health, Sport, Gym	Intermediate
Hvězdárna a planetárium Brno	https://www.youtube.com/@HvezdarnaCzBrno/videos	tech	Space, Astronomy	Advanced
CZEsko (official)	https://www.youtube.com/@CZEskoofficial/videos	travel	Travel, Czech Republic	Intermediate
MenT	https://www.youtube.com/@mentoss97/videos	reaction	Reactions, Video Games, YouTube	Intermediate
Velkej Kápo	https://www.youtube.com/@VelkejKapo/videos	vlog	Vlog, Comentary, History	Intermediate
Totalfilm.cz	https://www.youtube.com/@TotalfilmCz/videos	culture	Movies, Trailers	Intermediate
GEJMR	https://www.youtube.com/@GEJMR/videos	gaming	Video Games, Gameplay, Minecraft	Intermediate
Easy Czech	https://www.youtube.com/@EasyCzechVideos/videos	learner	Easy Languages, Street Interviews, Czech Input	Beginner
Immanuel Adenubi	https://www.youtube.com/@ImmanuelAdenubi/videos	lifestyle	Wellness, Gym, Self Improvement	Advanced
flyRosta	https://www.youtube.com/@flyRosta/videos	travel	Airplanes, Travel	Intermediate
RTHWLDN	https://www.youtube.com/@RTHWLDN/videos	reaction	Reactions, Documentaries, Video Games, Gameplay, Comentary, Pop Culture, Tech, Internet Horror	Intermediate
Svět podle Katky	https://www.youtube.com/@SvetpodleKatky/videos	vlog	Vlog	Intermediate
Filmy v češtině	https://www.youtube.com/@filmvcestine/videos	culture	Movies	Intermediate
TenSHouslema	https://www.youtube.com/@tenshouslema/videos	gaming	Video Games, Gameplay, Minecraft	Intermediate
Digladior - škola šermu	https://www.youtube.com/@digladior-cz/videos	news	History, Weapons, Film	Intermediate
Těhotnej kuchař	https://www.youtube.com/@tehotnejkuchar/videos	food	Food, Recipes	Intermediate
Ladislav Masopust	https://www.youtube.com/@ladislavmasopust9017/videos	learner	Comprehensible Input, News	Beginner
Jan Steininger - Investiční poradenství	https://www.youtube.com/@SteiningerInvestice/videos	lifestyle	Real Estate, Economy, Investing	Advanced
Martin Pek	https://www.youtube.com/@MartinPek/videos	travel	Travel, Sports, Skateboarding	Intermediate
McCitron	https://www.youtube.com/@McCitron/videos	reaction	Livestream, Video Games, Gameplay	Intermediate
Pimps	https://www.youtube.com/@Pimpscz/videos	vlog	Vlog, YouTube	Intermediate
Toren	https://www.youtube.com/@TorenCZ/videos	culture	Movies, News, Podcast	Intermediate
Cesta do nesmyslu	https://www.youtube.com/@cestadonesmyslu/videos	gaming	Video Games, Gameplay, Retro Games, Livestreams	Intermediate
Česká stopa	https://www.youtube.com/@ceskastopa/videos	news	Documentaries, History, Czech Republic	Intermediate
Grandpa Cooks Today	https://www.youtube.com/@dnesvarideda/videos	food	Cooking	Intermediate
Marek Valášek	https://www.youtube.com/@marekvalasek7251/videos	learner	Teaching, Math	Intermediate
Mom in Japan	https://www.youtube.com/@mom_injapan/videos	travel	Travel, Vlog, Japan	Intermediate
MG Fitman	https://www.youtube.com/@MGFitman/videos	reaction	Reactions, Fitness, YouTube	Intermediate
Stáňa	https://www.youtube.com/@stana29/videos	vlog	Vlog, Family	Intermediate
Doktom	https://www.youtube.com/@Doktom/videos	culture	Movies, Vlog, Comentary	Intermediate
Sterakdary	https://www.youtube.com/@TenSterakdary/videos	gaming	Video Games, Gameplay	Intermediate
Voxpot	https://www.youtube.com/@Voxpot/videos	news	Documentaries, Comentary, Politics	Intermediate
BORKOVA SHOW	https://www.youtube.com/@BORKOVASHOW/videos	food	Food, Cooking	Advanced
Wedry	https://www.youtube.com/@WedryLP/videos	travel	Travel, Vlog, Outdoors, Climbing	Intermediate
Valjean	https://www.youtube.com/@Valjean81/videos	reaction	Livestream, Video Games, Gameplay	Intermediate
NOT SO FUNNY ANY	https://www.youtube.com/@notsofunnyany/videos	vlog	Vlog, Life in, Makeup	Intermediate
turista_svata	https://www.youtube.com/@turista_svata/videos	travel	Travel, Outdoors, Camping, Extreme Travel	Intermediate
Kosmické novinky	https://www.youtube.com/@kosmickenovinky/videos	news	News, Space	Intermediate
Lůk	https://www.youtube.com/@lukuvsvet/videos	culture	Pop Culture	Intermediate
INDIAN - Czech TV Gaming Show	https://www.youtube.com/@indiantvcz/videos	gaming	Video Games, New, Reviews	Intermediate
Klub psáčů	https://www.youtube.com/@klub_psacu/videos	culture	Writing, Books	Intermediate
rytir Petr	https://www.youtube.com/@rytirPetr/videos	reaction	Livestream, Video Games, Gameplay	Intermediate
Kovy	https://www.youtube.com/@TadyKovy/videos	news	Infotainment, Skits, Vlog	Advanced
Jan Hanko	https://www.youtube.com/@JanHanko/videos	travel	Travel, Documentaries, Vlog, Parkour, Sport	Intermediate
Ostravský drak	https://www.youtube.com/@Ostravskydrak/videos	culture	Movies, Pop Culture, Series	Intermediate
MarweX	https://www.youtube.com/@marwex99/videos	gaming	Video Games, Gameplay, Minecraft	Intermediate
